<?xml version="1.0" encoding="utf-8" ?>
<dwsync>
<file name="_alert.scss" server="ftp.wovenhost.com.ng" local="133725205947093976" remote="133725435000000000" Dst="0" />
<file name="_background-variant.scss" server="ftp.wovenhost.com.ng" local="133725205948431425" remote="133725435000000000" Dst="0" />
<file name="_badge.scss" server="ftp.wovenhost.com.ng" local="133725205948904594" remote="133725435000000000" Dst="0" />
<file name="_border-radius.scss" server="ftp.wovenhost.com.ng" local="133725205950789454" remote="133725435000000000" Dst="0" />
<file name="_box-shadow.scss" server="ftp.wovenhost.com.ng" local="133725205951142300" remote="133725435000000000" Dst="0" />
<file name="_breakpoints.scss" server="ftp.wovenhost.com.ng" local="133725205959885349" remote="133725435000000000" Dst="0" />
<file name="_buttons.scss" server="ftp.wovenhost.com.ng" local="133725205966490087" remote="133725435000000000" Dst="0" />
<file name="_caret.scss" server="ftp.wovenhost.com.ng" local="132096330750000000" remote="133724946600000000" Dst="0" />
<file name="_clearfix.scss" server="ftp.wovenhost.com.ng" local="132096330750000000" remote="133725435000000000" Dst="0" />
<file name="_float.scss" server="ftp.wovenhost.com.ng" local="132096330750000000" remote="133724946600000000" Dst="0" />
<file name="_forms.scss" server="ftp.wovenhost.com.ng" local="132096330750000000" remote="133724946600000000" Dst="0" />
<file name="_gradients.scss" server="ftp.wovenhost.com.ng" local="133725205980710844" remote="133725435000000000" Dst="0" />
<file name="_grid-framework.scss" server="ftp.wovenhost.com.ng" local="132096330750000000" remote="133724946600000000" Dst="0" />
<file name="_grid.scss" server="ftp.wovenhost.com.ng" local="132096330750000000" remote="133724946600000000" Dst="0" />
<file name="_hover.scss" server="ftp.wovenhost.com.ng" local="132096330750000000" remote="133724946600000000" Dst="0" />
<file name="_image.scss" server="ftp.wovenhost.com.ng" local="132096330750000000" remote="133724946600000000" Dst="0" />
<file name="_list-group.scss" server="ftp.wovenhost.com.ng" local="132096330750000000" remote="133724946600000000" Dst="0" />
<file name="_lists.scss" server="ftp.wovenhost.com.ng" local="132096330750000000" remote="133724946600000000" Dst="0" />
<file name="_nav-divider.scss" server="ftp.wovenhost.com.ng" local="132096330750000000" remote="133724946600000000" Dst="0" />
<file name="_pagination.scss" server="ftp.wovenhost.com.ng" local="132096330750000000" remote="133724946600000000" Dst="0" />
<file name="_reset-text.scss" server="ftp.wovenhost.com.ng" local="132096330750000000" remote="133724946600000000" Dst="0" />
<file name="_resize.scss" server="ftp.wovenhost.com.ng" local="132096330750000000" remote="133724946600000000" Dst="0" />
<file name="_screen-reader.scss" server="ftp.wovenhost.com.ng" local="132096330750000000" remote="133724946600000000" Dst="0" />
<file name="_size.scss" server="ftp.wovenhost.com.ng" local="132096330750000000" remote="133724946600000000" Dst="0" />
<file name="_table-row.scss" server="ftp.wovenhost.com.ng" local="132096330750000000" remote="133724946600000000" Dst="0" />
<file name="_text-emphasis.scss" server="ftp.wovenhost.com.ng" local="133725205994990176" remote="133725435000000000" Dst="0" />
<file name="_text-hide.scss" server="ftp.wovenhost.com.ng" local="132096330750000000" remote="133724946600000000" Dst="0" />
<file name="_text-truncate.scss" server="ftp.wovenhost.com.ng" local="132096330750000000" remote="133724946600000000" Dst="0" />
<file name="_transition.scss" server="ftp.wovenhost.com.ng" local="132096330750000000" remote="133724946600000000" Dst="0" />
<file name="_visibility.scss" server="ftp.wovenhost.com.ng" local="132096330750000000" remote="133724946600000000" Dst="0" />
</dwsync>