<?xml version="1.0" encoding="utf-8" ?>
<dwsync>
<file name="aos.js" server="ftp.wovenhost.com.ng" local="133725205761191032" remote="133725435000000000" Dst="0" />
<file name="bootstrap.min.js" server="ftp.wovenhost.com.ng" local="133725205765191912" remote="133725435000000000" Dst="0" />
<file name="jquery-3.3.1.min.js" server="ftp.wovenhost.com.ng" local="133725205768334464" remote="133725435000000000" Dst="0" />
<file name="jquery-ui.js" server="ftp.wovenhost.com.ng" local="133725205772634912" remote="133725435000000000" Dst="0" />
<file name="jquery.magnific-popup.min.js" server="ftp.wovenhost.com.ng" local="133725205773151890" remote="133725435000000000" Dst="0" />
<file name="main.js" server="ftp.wovenhost.com.ng" local="132096330750000000" remote="133725145200000000" Dst="0" />
<file name="owl.carousel.min.js" server="ftp.wovenhost.com.ng" local="133725205779876073" remote="133725435000000000" Dst="0" />
<file name="popper.min.js" server="ftp.wovenhost.com.ng" local="132096330750000000" remote="133725145200000000" Dst="0" />
<file name="slick.min.js" server="ftp.wovenhost.com.ng" local="132096330750000000" remote="133724946600000000" Dst="0" />
</dwsync>