<?xml version="1.0" encoding="utf-8" ?>
<dwsync>
<file name="bg_1.jpg" server="ftp.wovenhost.com.ng" local="132096330750000000" remote="133725144600000000" Dst="0" />
<file name="bg_2.jpg" server="ftp.wovenhost.com.ng" local="132096330750000000" remote="133724946000000000" Dst="0" />
<file name="hero_1.jpg" server="ftp.wovenhost.com.ng" local="132096330750000000" remote="133725144600000000" Dst="0" />
<file name="person_1.jpg" server="ftp.wovenhost.com.ng" local="132096330750000000" remote="133725145200000000" Dst="0" />
<file name="person_2.jpg" server="ftp.wovenhost.com.ng" local="132096330750000000" remote="133725145200000000" Dst="0" />
<file name="person_3.jpg" server="ftp.wovenhost.com.ng" local="132096330750000000" remote="133725145200000000" Dst="0" />
<file name="person_4.jpg" server="ftp.wovenhost.com.ng" local="132096330750000000" remote="133725145200000000" Dst="0" />
<file name="person_5.jpg" server="ftp.wovenhost.com.ng" local="132096330750000000" remote="133724946000000000" Dst="0" />
<file name="product_01.png" server="ftp.wovenhost.com.ng" local="132096330750000000" remote="133724946000000000" Dst="0" />
<file name="product_02.png" server="ftp.wovenhost.com.ng" local="132096330750000000" remote="133724946000000000" Dst="0" />
<file name="product_03.png" server="ftp.wovenhost.com.ng" local="132096330750000000" remote="133724946000000000" Dst="0" />
<file name="product_04.png" server="ftp.wovenhost.com.ng" local="132096330750000000" remote="133724946000000000" Dst="0" />
<file name="product_05.png" server="ftp.wovenhost.com.ng" local="132096330750000000" remote="133724946000000000" Dst="0" />
<file name="product_06.png" server="ftp.wovenhost.com.ng" local="132096330750000000" remote="133724946000000000" Dst="0" />
<file name="product_07_large.png" server="ftp.wovenhost.com.ng" local="132096330750000000" remote="133724946000000000" Dst="0" />
<file name="products_1.png" server="ftp.wovenhost.com.ng" local="132096330750000000" remote="133724946000000000" Dst="0" />
<file name="shoe.png" server="ftp.wovenhost.com.ng" local="132096330750000000" remote="133724946000000000" Dst="0" />
<file name="wave.svg" server="ftp.wovenhost.com.ng" local="132096330750000000" remote="133724946000000000" Dst="0" />
<file name="women.jpg" server="ftp.wovenhost.com.ng" local="132096330750000000" remote="133724946000000000" Dst="0" />
<file name=".DS_Store" server="ftp.wovenhost.com.ng" local="132096330750000000" remote="133725435000000000" Dst="0" />
</dwsync>