<?xml version="1.0" encoding="utf-8" ?>
<dwsync>
<file name="about.html" server="ftp.wovenhost.com.ng" local="133725197880931125" remote="133725161400000000" Dst="0" />
<file name="cart.html" server="ftp.wovenhost.com.ng" local="133725205746799056" remote="133725434400000000" Dst="0" />
<file name="checkout.html" server="ftp.wovenhost.com.ng" local="133725205747575198" remote="133725434400000000" Dst="0" />
<file name="contact.html" server="ftp.wovenhost.com.ng" local="133725204396100605" remote="133725434400000000" Dst="0" />
<file name="index.html" server="ftp.wovenhost.com.ng" local="133725137787745879" remote="133725101400000000" Dst="0" />
<file name="shop-single.html" server="ftp.wovenhost.com.ng" local="133725409131580583" remote="133725435600000000" Dst="0" />
<file name="shop.html" server="ftp.wovenhost.com.ng" local="133725409132515946" remote="133725435600000000" Dst="0" />
<file name="thankyou.html" server="ftp.wovenhost.com.ng" local="133725204405756925" remote="133725435600000000" Dst="0" />
<file name=".ftpquota" server="ftp.wovenhost.com.ng" local="133724917800000000" remote="133724917800000000" Dst="0" />
<file name=".DS_Store" server="ftp.wovenhost.com.ng" local="132096330750000000" remote="133725434400000000" Dst="0" />
</dwsync>