<?xml version="1.0" encoding="utf-8" ?>
<dwsync>
<file name="aos.css" server="ftp.wovenhost.com.ng" local="132096330750000000" remote="133725434400000000" Dst="0" />
<file name="bootstrap.min.css" server="ftp.wovenhost.com.ng" local="132096330750000000" remote="133725144600000000" Dst="0" />
<file name="bootstrap.min.css.map" server="ftp.wovenhost.com.ng" local="132096330750000000" remote="133724944800000000" Dst="0" />
<file name="jquery-ui.css" server="ftp.wovenhost.com.ng" local="132096330750000000" remote="133725434400000000" Dst="0" />
<file name="magnific-popup.css" server="ftp.wovenhost.com.ng" local="132096330750000000" remote="133725435000000000" Dst="0" />
<file name="owl.carousel.min.css" server="ftp.wovenhost.com.ng" local="132096330750000000" remote="133725144600000000" Dst="0" />
<file name="owl.theme.default.min.css" server="ftp.wovenhost.com.ng" local="132096330750000000" remote="133725144600000000" Dst="0" />
<file name="style.css" server="ftp.wovenhost.com.ng" local="133725469914012893" remote="133725435000000000" Dst="0" />
</dwsync>