<?xml version="1.0" encoding="utf-8" ?>
<dwsync>
<file name="_alert.scss" server="ftp.wovenhost.com.ng" local="133725205798814894" remote="133725435000000000" Dst="0" />
<file name="_badge.scss" server="ftp.wovenhost.com.ng" local="133725205799541979" remote="133725435000000000" Dst="0" />
<file name="_breadcrumb.scss" server="ftp.wovenhost.com.ng" local="133725205800328028" remote="133725435600000000" Dst="0" />
<file name="_button-group.scss" server="ftp.wovenhost.com.ng" local="133725205800994089" remote="133725435600000000" Dst="0" />
<file name="_buttons.scss" server="ftp.wovenhost.com.ng" local="133725205803794187" remote="133725435600000000" Dst="0" />
<file name="_card.scss" server="ftp.wovenhost.com.ng" local="133725205807215635" remote="133725435600000000" Dst="0" />
<file name="_carousel.scss" server="ftp.wovenhost.com.ng" local="133725205809001623" remote="133725435600000000" Dst="0" />
<file name="_close.scss" server="ftp.wovenhost.com.ng" local="133725205809481131" remote="133725435600000000" Dst="0" />
<file name="_code.scss" server="ftp.wovenhost.com.ng" local="133725205810440144" remote="133725435600000000" Dst="0" />
<file name="_custom-forms.scss" server="ftp.wovenhost.com.ng" local="133725205822436508" remote="133725435600000000" Dst="0" />
<file name="_dropdown.scss" server="ftp.wovenhost.com.ng" local="133725205824792890" remote="133725435600000000" Dst="0" />
<file name="_forms.scss" server="ftp.wovenhost.com.ng" local="133725205829494061" remote="133725435600000000" Dst="0" />
<file name="_functions.scss" server="ftp.wovenhost.com.ng" local="132096330750000000" remote="133724946600000000" Dst="0" />
<file name="_grid.scss" server="ftp.wovenhost.com.ng" local="132096330750000000" remote="133724947200000000" Dst="0" />
<file name="_images.scss" server="ftp.wovenhost.com.ng" local="132096330750000000" remote="133724947200000000" Dst="0" />
<file name="_input-group.scss" server="ftp.wovenhost.com.ng" local="132096330750000000" remote="133724947200000000" Dst="0" />
<file name="_jumbotron.scss" server="ftp.wovenhost.com.ng" local="132096330750000000" remote="133724947200000000" Dst="0" />
<file name="_list-group.scss" server="ftp.wovenhost.com.ng" local="132096330750000000" remote="133724947200000000" Dst="0" />
<file name="_media.scss" server="ftp.wovenhost.com.ng" local="132096330750000000" remote="133724947200000000" Dst="0" />
<file name="_mixins.scss" server="ftp.wovenhost.com.ng" local="132096330750000000" remote="133725435600000000" Dst="0" />
<file name="_modal.scss" server="ftp.wovenhost.com.ng" local="133725205844341012" remote="133725435600000000" Dst="0" />
<file name="_nav.scss" server="ftp.wovenhost.com.ng" local="133725205845641355" remote="133725435600000000" Dst="0" />
<file name="_navbar.scss" server="ftp.wovenhost.com.ng" local="133725205849889363" remote="133725435600000000" Dst="0" />
<file name="_pagination.scss" server="ftp.wovenhost.com.ng" local="133725205852290202" remote="133725435000000000" Dst="0" />
<file name="_popover.scss" server="ftp.wovenhost.com.ng" local="133725205857891667" remote="133725435000000000" Dst="0" />
<file name="_print.scss" server="ftp.wovenhost.com.ng" local="132096330750000000" remote="133724947200000000" Dst="0" />
<file name="_progress.scss" server="ftp.wovenhost.com.ng" local="132096330750000000" remote="133724947200000000" Dst="0" />
<file name="_reboot.scss" server="ftp.wovenhost.com.ng" local="133725408714929723" remote="133725435000000000" Dst="0" />
<file name="_root.scss" server="ftp.wovenhost.com.ng" local="133725205863028372" remote="133725435000000000" Dst="0" />
<file name="_tables.scss" server="ftp.wovenhost.com.ng" local="133725205867074957" remote="133725435000000000" Dst="0" />
<file name="_tooltip.scss" server="ftp.wovenhost.com.ng" local="133725205869902837" remote="133725435000000000" Dst="0" />
<file name="_transitions.scss" server="ftp.wovenhost.com.ng" local="133725205870143813" remote="133725435000000000" Dst="0" />
<file name="_type.scss" server="ftp.wovenhost.com.ng" local="133725205873142677" remote="133725435000000000" Dst="0" />
<file name="_utilities.scss" server="ftp.wovenhost.com.ng" local="132096330750000000" remote="133725435000000000" Dst="0" />
<file name="_variables.scss" server="ftp.wovenhost.com.ng" local="133725205942402810" remote="133725435000000000" Dst="0" />
<file name="bootstrap-grid.scss" server="ftp.wovenhost.com.ng" local="132096330750000000" remote="133725435000000000" Dst="0" />
<file name="bootstrap-reboot.scss" server="ftp.wovenhost.com.ng" local="132096330750000000" remote="133725435000000000" Dst="0" />
<file name="bootstrap.scss" server="ftp.wovenhost.com.ng" local="132096330750000000" remote="133724947200000000" Dst="0" />
<file name=".DS_Store" server="ftp.wovenhost.com.ng" local="132096330750000000" remote="133725435000000000" Dst="0" />
<file name="bootstrap-grid.css" server="ftp.wovenhost.com.ng" local="133725206290235512" remote="133725435000000000" Dst="0" />
<file name="bootstrap-reboot.css" server="ftp.wovenhost.com.ng" local="133725408739670025" remote="133725435000000000" Dst="0" />
</dwsync>