<?xml version="1.0" encoding="utf-8" ?>
<dwsync>
<file name="_align.scss" server="ftp.wovenhost.com.ng" local="132096330750000000" remote="133725435000000000" Dst="0" />
<file name="_background.scss" server="ftp.wovenhost.com.ng" local="133725205997491022" remote="133725435000000000" Dst="0" />
<file name="_borders.scss" server="ftp.wovenhost.com.ng" local="133725206000040513" remote="133725435000000000" Dst="0" />
<file name="_clearfix.scss" server="ftp.wovenhost.com.ng" local="132096330750000000" remote="133725435000000000" Dst="0" />
<file name="_display.scss" server="ftp.wovenhost.com.ng" local="133725206001930616" remote="133725435000000000" Dst="0" />
<file name="_embed.scss" server="ftp.wovenhost.com.ng" local="132096330750000000" remote="133725435000000000" Dst="0" />
<file name="_flex.scss" server="ftp.wovenhost.com.ng" local="133725206003139112" remote="133725435000000000" Dst="0" />
<file name="_float.scss" server="ftp.wovenhost.com.ng" local="132096330750000000" remote="133725435000000000" Dst="0" />
<file name="_position.scss" server="ftp.wovenhost.com.ng" local="132096330750000000" remote="133725435000000000" Dst="0" />
<file name="_screenreaders.scss" server="ftp.wovenhost.com.ng" local="132096330750000000" remote="133725435000000000" Dst="0" />
<file name="_shadows.scss" server="ftp.wovenhost.com.ng" local="132096330750000000" remote="133725435000000000" Dst="0" />
<file name="_sizing.scss" server="ftp.wovenhost.com.ng" local="132096330750000000" remote="133725435000000000" Dst="0" />
<file name="_spacing.scss" server="ftp.wovenhost.com.ng" local="132096330750000000" remote="133725435000000000" Dst="0" />
<file name="_text.scss" server="ftp.wovenhost.com.ng" local="132096330750000000" remote="133725435000000000" Dst="0" />
<file name="_visibility.scss" server="ftp.wovenhost.com.ng" local="132096330750000000" remote="133725435000000000" Dst="0" />
</dwsync>